Ref,Val,Package,PosX,PosY,Rot,Side
"C1","10uF","C_0805_2012Metric",0.1000,19.9000,0.0000,top
"D1","WS2812B","LED_WS2812B_PLCC4_5.0x5.0mm_P3.2mm",0.0000,15.0000,0.0000,top
"D2","WS2812B","LED_WS2812B_PLCC4_5.0x5.0mm_P3.2mm",-11.0000,11.0000,45.0000,top
"D3","WS2812B","LED_WS2812B_PLCC4_5.0x5.0mm_P3.2mm",-15.0000,0.0000,90.0000,top
"D4","WS2812B","LED_WS2812B_PLCC4_5.0x5.0mm_P3.2mm",-11.0000,-11.0000,135.0000,top
"D5","WS2812B","LED_WS2812B_PLCC4_5.0x5.0mm_P3.2mm",0.0000,-15.0000,180.0000,top
"D6","WS2812B","LED_WS2812B_PLCC4_5.0x5.0mm_P3.2mm",11.0000,-11.0000,225.0000,top
"D7","WS2812B","LED_WS2812B_PLCC4_5.0x5.0mm_P3.2mm",15.0000,0.0000,270.0000,top
"D8","WS2812B","LED_WS2812B_PLCC4_5.0x5.0mm_P3.2mm",11.0000,11.0000,315.0000,top
