Ref,Val,Package,PosX,PosY,Rot,Side
"C1","100uF","CP_Elec_6.3x7.7",77.2750,-81.8890,0.0000,top
"C2","100uF","CP_Elec_6.3x7.7",98.8650,-81.8890,0.0000,top
"C3","100uF","CP_Elec_6.3x7.7",120.4550,-81.8890,0.0000,top
"C4","100uF","CP_Elec_6.3x7.7",142.0450,-81.8890,0.0000,top
"C5","100uF","CP_Elec_6.3x7.7",163.6350,-81.8890,0.0000,top
"C6","100uF","CP_Elec_6.3x7.7",185.2250,-81.8890,0.0000,top
"C7","100uF","CP_Elec_6.3x7.7",85.5200,-95.2300,180.0000,top
"C8","0.1uF","C_0805_2012Metric_Pad1.15x1.40mm_HandSolder",79.1200,-94.1300,270.0000,top
"C9","0.01uF","C_0805_2012Metric_Pad1.15x1.40mm_HandSolder",96.5390,-92.5010,0.0000,top
"C10","120pF","C_0805_2012Metric_Pad1.15x1.40mm_HandSolder",100.6070,-92.3300,180.0000,top
"C11","0.01uF","C_0805_2012Metric_Pad1.15x1.40mm_HandSolder",100.6070,-94.4300,180.0000,top
"C12","0.1uF","C_0805_2012Metric_Pad1.15x1.40mm_HandSolder",92.4750,-92.5010,0.0000,top
"C13","100uF","CP_Elec_6.3x7.7",105.5200,-104.2800,270.0000,top
"C14","10pF","C_0805_2012Metric_Pad1.15x1.40mm_HandSolder",110.8200,-111.2300,270.0000,top
"C15","10pF","C_0805_2012Metric_Pad1.15x1.40mm_HandSolder",110.8200,-115.2300,90.0000,top
"C16","0.1uF","C_0805_2012Metric_Pad1.15x1.40mm_HandSolder",143.6200,-96.3300,90.0000,top
"C17","2.2uF","C_0805_2012Metric_Pad1.15x1.40mm_HandSolder",134.6790,-124.3230,270.0000,top
"C18","10uF","C_0805_2012Metric_Pad1.15x1.40mm_HandSolder",81.8200,-120.3300,180.0000,top
"C19","10uF","C_0805_2012Metric_Pad1.15x1.40mm_HandSolder",81.7950,-118.0800,180.0000,top
"C20","10uF","C_0805_2012Metric_Pad1.15x1.40mm_HandSolder",81.8200,-122.5800,180.0000,top
"C21","2.2uF","C_0805_2012Metric_Pad1.15x1.40mm_HandSolder",136.4570,-108.7020,270.0000,top
"C22","4.7uF","C_0805_2012Metric_Pad1.15x1.40mm_HandSolder",136.4570,-104.7650,90.0000,top
"C23","0.1uF","C_0805_2012Metric_Pad1.15x1.40mm_HandSolder",136.7110,-121.2750,0.0000,top
"C24","0.1uF","C_0805_2012Metric_Pad1.15x1.40mm_HandSolder",136.7110,-124.3230,270.0000,top
"C25","0.1uF","C_0805_2012Metric_Pad1.15x1.40mm_HandSolder",115.0200,-101.0300,180.0000,top
"C26","0.1uF","C_0805_2012Metric_Pad1.15x1.40mm_HandSolder",219.1340,-126.2280,270.0000,top
"C27","0.1uF","C_0805_2012Metric_Pad1.15x1.40mm_HandSolder",190.3320,-122.6560,0.0000,top
"C28","0.1uF","C_0805_2012Metric_Pad1.15x1.40mm_HandSolder",204.0240,-122.7830,0.0000,top
"C29","0.1uF","C_0805_2012Metric_Pad1.15x1.40mm_HandSolder",103.7700,-93.5300,90.0000,top
"C30","100uF","CP_Elec_6.3x7.7",118.0200,-96.2800,90.0000,top
"C31","0.1uF","C_0805_2012Metric_Pad1.15x1.40mm_HandSolder",111.0450,-100.4300,0.0000,top
"C32","0.1uF","C_0805_2012Metric_Pad1.15x1.40mm_HandSolder",114.0700,-110.7300,180.0000,top
"C33","0.1uF","C_0805_2012Metric_Pad1.15x1.40mm_HandSolder",111.8200,-108.2300,180.0000,top
"C34","0.1uF","C_0805_2012Metric_Pad1.15x1.40mm_HandSolder",114.0900,-119.6700,180.0000,top
"C35","0.1uF","C_0805_2012Metric_Pad1.15x1.40mm_HandSolder",119.2200,-123.1300,180.0000,top
"C36","1uF","C_0805_2012Metric_Pad1.15x1.40mm_HandSolder",114.0900,-117.6700,180.0000,top
"D1","Yellow","LED_0805_2012Metric",98.1450,-120.3670,90.0000,top
"D2","Yellow","LED_0805_2012Metric",103.2250,-120.3670,90.0000,top
"D3","Yellow","LED_0805_2012Metric",105.7700,-120.3800,90.0000,top
"D4","Yellow","LED_0805_2012Metric",82.0200,-109.9300,0.0000,top
"D5","Yellow","LED_0805_2012Metric",100.6850,-120.3670,90.0000,top
"D6","SM4007","D_SOD-123F",205.0200,-80.8600,0.0000,top
"D7","SM4007","D_SOD-123F",204.9700,-88.6400,0.0000,top
"D8","SM4007","D_SOD-123F",205.1800,-96.2900,0.0000,top
"D9","SM4007","D_SOD-123F",205.2400,-103.8500,0.0000,top
"J5","Conn_ARM_JTAG_SWD_10","PinHeader_2x05_P1.27mm_Vertical_SMD",141.9180,-107.7300,180.0000,top
"J23","QWIIC1","JST_SH_BM04B-SRSS-TB_1x04-1MP_P1.00mm_Vertical",197.7980,-95.4940,180.0000,top
"J24","QWIIC2","JST_SH_BM04B-SRSS-TB_1x04-1MP_P1.00mm_Vertical",197.7980,-102.3520,180.0000,top
"L1","15uH","L_Bourns_SRR1260",95.0200,-106.4300,0.0000,top
"Q1","TSM900N06","TO-252-2",213.1700,-78.7300,0.0000,top
"Q2","TSM900N06","TO-252-2",213.1700,-86.3500,0.0000,top
"Q3","TSM900N06","TO-252-2",213.1700,-93.9700,0.0000,top
"Q4","TSM900N06","TO-252-2",213.1700,-101.5900,0.0000,top
"R1","10k","R_0805_2012Metric_Pad1.15x1.40mm_HandSolder",123.7700,-123.1300,180.0000,top
"R2","680","R_0805_2012Metric_Pad1.15x1.40mm_HandSolder",204.7300,-76.1100,0.0000,top
"R3","680","R_0805_2012Metric_Pad1.15x1.40mm_HandSolder",204.5900,-83.8300,0.0000,top
"R4","680","R_0805_2012Metric_Pad1.15x1.40mm_HandSolder",204.5800,-91.4400,0.0000,top
"R5","680","R_0805_2012Metric_Pad1.15x1.40mm_HandSolder",204.8200,-98.9800,0.0000,top
"R6","100k","R_0805_2012Metric_Pad1.15x1.40mm_HandSolder",204.7500,-78.1700,0.0000,top
"R7","100k","R_0805_2012Metric_Pad1.15x1.40mm_HandSolder",204.6200,-85.9800,0.0000,top
"R8","100k","R_0805_2012Metric_Pad1.15x1.40mm_HandSolder",204.6000,-93.4900,0.0000,top
"R9","100k","R_0805_2012Metric_Pad1.15x1.40mm_HandSolder",204.8600,-101.1400,0.0000,top
"R10","220","R_0805_2012Metric_Pad1.15x1.40mm_HandSolder",219.1340,-121.9100,270.0000,top
"R11","220","R_0805_2012Metric_Pad1.15x1.40mm_HandSolder",190.3320,-126.2120,0.0000,top
"R12","220","R_0805_2012Metric_Pad1.15x1.40mm_HandSolder",204.0240,-126.2120,0.0000,top
"R13","10k","R_0805_2012Metric_Pad1.15x1.40mm_HandSolder",121.3200,-101.0300,180.0000,top
"R14","1k","R_0805_2012Metric_Pad1.15x1.40mm_HandSolder",98.1450,-124.3040,270.0000,top
"R15","3.3k","R_0805_2012Metric_Pad1.15x1.40mm_HandSolder",100.6070,-96.5300,180.0000,top
"R16","15k","R_0805_2012Metric_Pad1.15x1.40mm_HandSolder",100.6200,-98.6300,0.0000,top
"R17","2.7K","R_0805_2012Metric_Pad1.15x1.40mm_HandSolder",103.7700,-97.5300,90.0000,top
"R18","180","R_0805_2012Metric_Pad1.15x1.40mm_HandSolder",103.2250,-124.3040,270.0000,top
"R19","10k","R_0805_2012Metric_Pad1.15x1.40mm_HandSolder",167.2200,-129.9300,0.0000,top
"R20","10k","R_0805_2012Metric_Pad1.15x1.40mm_HandSolder",167.2200,-132.1800,180.0000,top
"R21","25k","R_0805_2012Metric_Pad1.15x1.40mm_HandSolder",176.9700,-131.1800,270.0000,top
"R22","10k","R_0805_2012Metric_Pad1.15x1.40mm_HandSolder",169.2200,-116.9300,270.0000,top
"R23","10k","R_0805_2012Metric_Pad1.15x1.40mm_HandSolder",172.2200,-116.9050,270.0000,top
"R24","10k","R_0805_2012Metric_Pad1.15x1.40mm_HandSolder",177.7200,-116.9300,90.0000,top
"R25","10k","R_0805_2012Metric_Pad1.15x1.40mm_HandSolder",174.9700,-116.9300,270.0000,top
"R26","25k","R_0805_2012Metric_Pad1.15x1.40mm_HandSolder",162.8200,-131.1300,270.0000,top
"R27","1k","R_0805_2012Metric_Pad1.15x1.40mm_HandSolder",172.4700,-123.1800,270.0000,top
"R28","10k","R_0805_2012Metric_Pad1.15x1.40mm_HandSolder",153.1200,-129.9300,0.0000,top
"R29","10k","R_0805_2012Metric_Pad1.15x1.40mm_HandSolder",153.1200,-132.1300,180.0000,top
"R30","10k","R_0805_2012Metric_Pad1.15x1.40mm_HandSolder",155.2200,-116.9300,270.0000,top
"R31","18k","R_0805_2012Metric_Pad1.15x1.40mm_HandSolder",152.4200,-116.9300,90.0000,top
"R32","10k","R_0805_2012Metric_Pad1.15x1.40mm_HandSolder",158.3200,-116.9300,270.0000,top
"R33","18k","R_0805_2012Metric_Pad1.15x1.40mm_HandSolder",166.4700,-116.9050,90.0000,top
"R34","10k","R_0805_2012Metric_Pad1.15x1.40mm_HandSolder",163.5200,-116.9300,90.0000,top
"R35","10k","R_0805_2012Metric_Pad1.15x1.40mm_HandSolder",160.8200,-116.9300,270.0000,top
"R36","1k","R_0805_2012Metric_Pad1.15x1.40mm_HandSolder",158.3200,-123.2050,270.0000,top
"R37","180","R_0805_2012Metric_Pad1.15x1.40mm_HandSolder",105.7700,-124.3300,90.0000,top
"R38","4.7k","R_0805_2012Metric_Pad1.15x1.40mm_HandSolder",130.6150,-124.3230,90.0000,top
"R39","4.7k","R_0805_2012Metric_Pad1.15x1.40mm_HandSolder",132.6470,-124.3230,90.0000,top
"R40","470","R_0805_2012Metric_Pad1.15x1.40mm_HandSolder",82.0200,-112.3300,0.0000,top
"R41","2.7K","R_0805_2012Metric_Pad1.15x1.40mm_HandSolder",86.3200,-111.3300,90.0000,top
"R42","470","R_0805_2012Metric_Pad1.15x1.40mm_HandSolder",100.6850,-124.3040,270.0000,top
"R43","1k","R_0805_2012Metric_Pad1.15x1.40mm_HandSolder",188.4900,-86.5200,0.0000,top
"R44","1k","R_0805_2012Metric_Pad1.15x1.40mm_HandSolder",145.3100,-86.5400,0.0000,top
"R45","1k","R_0805_2012Metric_Pad1.15x1.40mm_HandSolder",80.4000,-86.5300,0.0000,top
"R46","1k","R_0805_2012Metric_Pad1.15x1.40mm_HandSolder",102.1000,-86.5200,0.0000,top
"R47","1k","R_0805_2012Metric_Pad1.15x1.40mm_HandSolder",123.7000,-86.5200,0.0000,top
"R48","1k","R_0805_2012Metric_Pad1.15x1.40mm_HandSolder",167.1910,-86.6040,0.0000,top
"SW1","BOOT0","SW_SPST_B3S-1000",127.0200,-96.2800,0.0000,top
"SW2","RESET","SW_SPST_B3S-1000",137.2200,-96.2300,180.0000,top
"U1","STM32F407VETx","LQFP-100_14x14mm_P0.5mm",125.8200,-112.9800,0.0000,top
"U2","SP3485EN","SOIC-8_3.9x4.9mm_P1.27mm",224.5650,-122.7310,180.0000,top
"U3","SP3485EN","SOIC-8_3.9x4.9mm_P1.27mm",184.2360,-124.4340,0.0000,top
"U4","SP3485EN","SOIC-8_3.9x4.9mm_P1.27mm",197.9280,-124.4340,0.0000,top
"U5","AP1117-33","SOT-223-3_TabPin2",109.5200,-95.5300,0.0000,top
"U6","LM358","SOP-8_3.9x4.9mm_P1.27mm",168.4700,-123.1800,90.0000,top
"U7","TPS54336ADDA","TI_SO-PowerPAD-8_ThermalVias",94.5200,-96.5300,0.0000,top
"U8","FE1.1s","SSOP-28_3.9x9.9mm_P0.635mm",87.3200,-119.0300,180.0000,top
"U9","INA126","SOIC-8-1EP_3.9x4.9mm_P1.27mm_EP2.29x3mm",176.4700,-123.1800,90.0000,top
"U11","LM358","SOP-8_3.9x4.9mm_P1.27mm",154.3200,-123.2300,90.0000,top
"U13","INA126","SOIC-8-1EP_3.9x4.9mm_P1.27mm_EP2.29x3mm",162.3200,-123.2300,90.0000,top
"U14","FDS4435BZ","SO-8_3.9x4.9mm_P1.27mm",84.7700,-103.2800,270.0000,top
"Y1","8MHz","Crystal_SMD_3225-4Pin_3.2x2.5mm",114.0700,-114.2300,270.0000,top
"Y2","12MHz","Crystal_SMD_3225-4Pin_3.2x2.5mm",94.1200,-120.5300,90.0000,top
